{"mods":[
{
	"name": "aai-vehicles-flame-tumbler",
	"version": "0.3.1",
	"title": "AAI Vehicles: Flame Tumbler",
	"author": "Earendel",
	"dependencies": ["base >= 0.16.0"],
	"description": "A very high speed ramming vehicle hardened against collision damage and armed with a flamethrower. Suitable for rapid base assault, wilderness exploration, and hit-and-run engagements. Can be automated with AAI Programmable Vehicles mod.",
	"factorio_version": "0.16"
},
{
  "name": "Caves",
  "version": "0.1.6",
  "title": "Caves",
  "author": "CaveGrinder",
  "description": "Adds a cave system  to the game that contains the resources instead of the normal surface.",
  "factorio_version": "0.15",
  "dependencies": ["base >= 0.15.26"]
},
{
  "name": "bobores",
  "version": "0.16.2",
  "factorio_version": "0.16",
  "title": "Bob's Ores",
  "author": "Bobingabout",
  "contact": "robertagius@hotmail.com",
  "homepage": "https://forums.factorio.com/viewforum.php?f=51",
  "description": "Adds some useful ores.",
  "dependencies": ["base >= 0.16.0", "boblibrary >= 0.16.0"]
},
{
  "name": "bobinserters",
  "version": "0.16.8",
  "factorio_version": "0.16",
  "title": "Bob's Adjustable Inserters",
  "author": "Bobingabout",
  "contact": "robertagius@hotmail.com",
  "homepage": "https://forums.factorio.com/viewforum.php?f=51",
  "description": "Adds hotkeys and a GUI to adjust inserter pickup and drop locations.",
  "dependencies": ["base >= 0.16.0"]
},
{
  "name": "BioTech",
  "version": "0.15.5",
  "title": "BioTech",
  "author": "SlopppyEngineering",
  "contact": "",
  "homepage": "",
  "description": "Produce science packs and rocket parts using biological and renewable materials",
  "factorio_version": "0.15"
},
{"name": "Advanced-Electric-v15",
 "version": "0.1.6",
 "title": "Advanced Electric v15",
 "contact": "",
 "author": "Neomore and thurak126",
 "homepage": "https://forums.factorio.com/viewtopic.php?f=93&t=27550&p=174324#p174324",
 "description": "Adds higher tiers of solar panels and accumulators.",
 "dependencies": ["base >= 0.15"],
 "factorio_version": "0.15"
},
{
	"name": "aai-vehicles-hauler",
	"version": "0.3.1",
	"title": "AAI Vehicles: Hauler",
	"author": "Earendel",
	"dependencies": ["base >= 0.14.0"],
	"description": "A high capacity general-purpose hauling vehicle for moving items around. The Hauler was designed for use with AAI Programmable Vehicles mod and can act autonomously if programmed correctly, for example: collecting resources from Miners and delivering it to depots.",
	"factorio_version": "0.16"
}
]}